name,neighborhood,artist,address,created_date,thumbnail_url,medium_url,full_url,latitude,longitude
words of encouragement,Davis Square,"","40 Holland St, Somerville, MA","",http://www.somervilleartscouncil.org/sacfiles/imagecache/public_art_view/publicart/photo 3-4.JPG,http://www.somervilleartscouncil.org/sacfiles/imagecache/porchfest_photo/publicart/photo 3-4.JPG,http://www.somervilleartscouncil.org/sacfiles/publicart/photo 3-4.JPG,42.397561,-71.1235137
Popcorn switchbox,Davis Square,"","37 Davis square, Somerville, MA","",http://www.somervilleartscouncil.org/sacfiles/imagecache/public_art_view/publicart/switchbox popcorn davis sq2.jpg,http://www.somervilleartscouncil.org/sacfiles/imagecache/porchfest_photo/publicart/switchbox popcorn davis sq2.jpg,http://www.somervilleartscouncil.org/sacfiles/publicart/switchbox popcorn davis sq2.jpg,42.3969466,-71.12230009999999
spool switchbox,Davis Square,"","345 Highland Ave, Somerville, MA","",http://www.somervilleartscouncil.org/sacfiles/imagecache/public_art_view/publicart/lightbox highland ave spool2.jpg,http://www.somervilleartscouncil.org/sacfiles/imagecache/porchfest_photo/publicart/lightbox highland ave spool2.jpg,http://www.somervilleartscouncil.org/sacfiles/publicart/lightbox highland ave spool2.jpg,42.39421,-71.11651499999999
detainee switchbox,Davis Square,"","215 Elm St, Somerville, MA","",http://www.somervilleartscouncil.org/sacfiles/imagecache/public_art_view/publicart/photo 1_1.JPG,http://www.somervilleartscouncil.org/sacfiles/imagecache/porchfest_photo/publicart/photo 1_1.JPG,http://www.somervilleartscouncil.org/sacfiles/publicart/photo 1_1.JPG,42.3942302,-71.12110679999999
Cityscape switchbox,Davis Square,"","381 Smmer St, Somerville, MA","",http://www.somervilleartscouncil.org/sacfiles/imagecache/public_art_view/publicart/IMG_0694.jpg,http://www.somervilleartscouncil.org/sacfiles/imagecache/porchfest_photo/publicart/IMG_0694.jpg,http://www.somervilleartscouncil.org/sacfiles/publicart/IMG_0694.jpg,42.394445,-71.120801
Davis with a D,Davis Square,Sam Gilliam,"55 Davis square, somerville, MA , Somerville, MA","",http://www.somervilleartscouncil.org/sacfiles/imagecache/public_art_view/publicart/IMG_0981.jpg,http://www.somervilleartscouncil.org/sacfiles/imagecache/porchfest_photo/publicart/IMG_0981.jpg,http://www.somervilleartscouncil.org/sacfiles/publicart/IMG_0981.jpg,42.39675829999999,-71.1228104
Seven Hills Sculptures,Davis Square,Clifford Selbert,"57 davis Square, Somerville, MA","",http://www.somervilleartscouncil.org/sacfiles/imagecache/public_art_view/publicart/photo 3-1_0.JPG,http://www.somervilleartscouncil.org/sacfiles/imagecache/porchfest_photo/publicart/photo 3-1_0.JPG,http://www.somervilleartscouncil.org/sacfiles/publicart/photo 3-1_0.JPG,42.3965787,-71.12247839999999
Seven Hills Park Statues,Davis Square,James Tyler,"57 Davis Square, Somerville, MA","",http://www.somervilleartscouncil.org/sacfiles/imagecache/public_art_view/publicart/SevenHillsPark.jpg,http://www.somervilleartscouncil.org/sacfiles/imagecache/porchfest_photo/publicart/SevenHillsPark.jpg,http://www.somervilleartscouncil.org/sacfiles/publicart/SevenHillsPark.jpg,42.3965787,-71.12247839999999
Sunset Dancers,Davis Square,"","19 Winter St, Somerville, MA","",http://www.somervilleartscouncil.org/sacfiles/imagecache/public_art_view/publicart/IMG_0984.jpg,http://www.somervilleartscouncil.org/sacfiles/imagecache/porchfest_photo/publicart/IMG_0984.jpg,http://www.somervilleartscouncil.org/sacfiles/publicart/IMG_0984.jpg,42.3975046,-71.1227578
Philosophical traffic box,Davis Square,J.T.,"40 College Ave, Somerville, MA","Thu, 2004-01-01",http://www.somervilleartscouncil.org/sacfiles/imagecache/public_art_view/publicart/west branch library _0.JPG,http://www.somervilleartscouncil.org/sacfiles/imagecache/porchfest_photo/publicart/west branch library _0.JPG,http://www.somervilleartscouncil.org/sacfiles/publicart/west branch library _0.JPG,42.39812879999999,-71.1217411
Wallpaper Patterns,Davis Square,Grace Durnford,"114 Holland St , Somerville, MA","Sat, 2012-09-01",http://www.somervilleartscouncil.org/sacfiles/imagecache/public_art_view/publicart/gracedurnford9_12.jpg,http://www.somervilleartscouncil.org/sacfiles/imagecache/porchfest_photo/publicart/gracedurnford9_12.jpg,http://www.somervilleartscouncil.org/sacfiles/publicart/gracedurnford9_12.jpg,42.3994745,-71.12494439999999
Miracle 5 Artist Collaborative,Davis Square,Raul Gonazelz,"378 Highland Ave , Somerville, MA","",http://www.somervilleartscouncil.org/sacfiles/imagecache/public_art_view/publicart/raulsmall.jpg,http://www.somervilleartscouncil.org/sacfiles/imagecache/porchfest_photo/publicart/raulsmall.jpg,http://www.somervilleartscouncil.org/sacfiles/publicart/raulsmall.jpg,42.3950423,-71.1191473
Percussion sculpture,Davis Square,Lon Pelton,"49 Irving Street , Somerville, MA","",http://www.somervilleartscouncil.org/sacfiles/imagecache/public_art_view/publicart/100_5656.JPG,http://www.somervilleartscouncil.org/sacfiles/imagecache/porchfest_photo/publicart/100_5656.JPG,http://www.somervilleartscouncil.org/sacfiles/publicart/100_5656.JPG,42.3998524,-71.1225366
painted tiles,Davis Square,Jack Gregory and Powderhouse Community school students,"55 Davis square, somerville, MA , Somerville, MA","",http://www.somervilleartscouncil.org/sacfiles/imagecache/public_art_view/publicart/davis T tiles 1.jpg,http://www.somervilleartscouncil.org/sacfiles/imagecache/porchfest_photo/publicart/davis T tiles 1.jpg,http://www.somervilleartscouncil.org/sacfiles/publicart/davis T tiles 1.jpg,42.39675829999999,-71.1228104
Spring mural,Davis Square,Turley,"40 College Ave, Somerville, MA","Wed, 1975-01-01",http://www.somervilleartscouncil.org/sacfiles/imagecache/public_art_view/publicart/IMG_0704.jpg,http://www.somervilleartscouncil.org/sacfiles/imagecache/porchfest_photo/publicart/IMG_0704.jpg,http://www.somervilleartscouncil.org/sacfiles/publicart/IMG_0704.jpg,42.39812879999999,-71.1217411
Summer mural,Davis Square,Turley,"40 College Ave, Somerville, MA","Wed, 1975-01-01",http://www.somervilleartscouncil.org/sacfiles/imagecache/public_art_view/publicart/IMG_0703.jpg,http://www.somervilleartscouncil.org/sacfiles/imagecache/porchfest_photo/publicart/IMG_0703.jpg,http://www.somervilleartscouncil.org/sacfiles/publicart/IMG_0703.jpg,42.39812879999999,-71.1217411
Fall mural,Davis Square,Turley,"40 College Ave, Somerville, MA","Wed, 1975-01-01",http://www.somervilleartscouncil.org/sacfiles/imagecache/public_art_view/publicart/IMG_0700.jpg,http://www.somervilleartscouncil.org/sacfiles/imagecache/porchfest_photo/publicart/IMG_0700.jpg,http://www.somervilleartscouncil.org/sacfiles/publicart/IMG_0700.jpg,42.39812879999999,-71.1217411
winter mural,Davis Square,Turley,"40 College Ave, Somerville, MA","Wed, 1975-01-01",http://www.somervilleartscouncil.org/sacfiles/imagecache/public_art_view/publicart/IMG_0699.jpg,http://www.somervilleartscouncil.org/sacfiles/imagecache/porchfest_photo/publicart/IMG_0699.jpg,http://www.somervilleartscouncil.org/sacfiles/publicart/IMG_0699.jpg,42.39812879999999,-71.1217411
WPA wood carving,Davis Square,"wood carving project, WPA","40 College Ave, Somerville, MA","",http://www.somervilleartscouncil.org/sacfiles/imagecache/public_art_view/publicart/IMG_0697.jpg,http://www.somervilleartscouncil.org/sacfiles/imagecache/porchfest_photo/publicart/IMG_0697.jpg,http://www.somervilleartscouncil.org/sacfiles/publicart/IMG_0697.jpg,42.39812879999999,-71.1217411
dog mural,Davis Square,"","55 Chester St, Somerville, MA","",http://www.somervilleartscouncil.org/sacfiles/imagecache/public_art_view/publicart/IMG_0637.jpg,http://www.somervilleartscouncil.org/sacfiles/imagecache/porchfest_photo/publicart/IMG_0637.jpg,http://www.somervilleartscouncil.org/sacfiles/publicart/IMG_0637.jpg,42.3950846,-71.1223205
dog switchbox,Davis Square,Sydney Phillips Hardin,"55 Chester St, Somerville, MA","Sat, 2010-05-01",http://www.somervilleartscouncil.org/sacfiles/imagecache/public_art_view/publicart/IMG_0636.jpg,http://www.somervilleartscouncil.org/sacfiles/imagecache/porchfest_photo/publicart/IMG_0636.jpg,http://www.somervilleartscouncil.org/sacfiles/publicart/IMG_0636.jpg,42.3950846,-71.1223205
Cattail Stained Glass,Davis Square,"","14 Irving St, Somerville, MA","",http://www.somervilleartscouncil.org/sacfiles/imagecache/public_art_view/publicart/cattails 14 irving st.jpg,http://www.somervilleartscouncil.org/sacfiles/imagecache/porchfest_photo/publicart/cattails 14 irving st.jpg,http://www.somervilleartscouncil.org/sacfiles/publicart/cattails 14 irving st.jpg,42.3990613,-71.123914
Sidewalk Dedication,Davis Square,Jack & Pete,"70 Irving St , Somerville, MA","",http://www.somervilleartscouncil.org/sacfiles/imagecache/public_art_view/publicart/IMG_5786.jpg,http://www.somervilleartscouncil.org/sacfiles/imagecache/porchfest_photo/publicart/IMG_5786.jpg,http://www.somervilleartscouncil.org/sacfiles/publicart/IMG_5786.jpg,42.4005815,-71.1222813
Couple,Davis Square,James Tyler,"4 college ave, somerville, ma , Somerville, MA","",http://www.somervilleartscouncil.org/sacfiles/imagecache/public_art_view/publicart/IMG_0376.jpg,http://www.somervilleartscouncil.org/sacfiles/imagecache/porchfest_photo/publicart/IMG_0376.jpg,http://www.somervilleartscouncil.org/sacfiles/publicart/IMG_0376.jpg,42.3967465,-71.1221806
Light up lizard,Davis Square,"","75 Lexington Avenue, Somerville","",http://www.somervilleartscouncil.org/sacfiles/imagecache/public_art_view/publicart/IMG_0367.jpg,http://www.somervilleartscouncil.org/sacfiles/imagecache/porchfest_photo/publicart/IMG_0367.jpg,http://www.somervilleartscouncil.org/sacfiles/publicart/IMG_0367.jpg,42.394664,-71.1147189
Lexington Park mural,Davis Square,Community members and Tova Speter,"64 Lexington Ave, Somerville, MA","Mon, 2007-01-01",http://www.somervilleartscouncil.org/sacfiles/imagecache/public_art_view/publicart/IMG_0366.jpg,http://www.somervilleartscouncil.org/sacfiles/imagecache/porchfest_photo/publicart/IMG_0366.jpg,http://www.somervilleartscouncil.org/sacfiles/publicart/IMG_0366.jpg,42.3943422,-71.1142768
Circle of Friends,Davis Square,"","95 Winslow Ave, Somerville, MA","",http://www.somervilleartscouncil.org/sacfiles/imagecache/public_art_view/publicart/IMG_0359.jpg,http://www.somervilleartscouncil.org/sacfiles/imagecache/porchfest_photo/publicart/IMG_0359.jpg,http://www.somervilleartscouncil.org/sacfiles/publicart/IMG_0359.jpg,42.3959841,-71.11810779999999
monster news box,Davis Square,Artisans Asylum,"Highland Ave at Main St, Somerville, MA","",http://www.somervilleartscouncil.org/sacfiles/imagecache/public_art_view/publicart/IMG_0355.jpg,http://www.somervilleartscouncil.org/sacfiles/imagecache/porchfest_photo/publicart/IMG_0355.jpg,http://www.somervilleartscouncil.org/sacfiles/publicart/IMG_0355.jpg,42.3968319,-71.09926779999999
Peacock Stained Glass,Davis Square,Emily Bhargava,"63 Irving St, Somerville","Sat, 2010-05-01",http://www.somervilleartscouncil.org/sacfiles/imagecache/public_art_view/Bhargava03.jpg,http://www.somervilleartscouncil.org/sacfiles/imagecache/porchfest_photo/Bhargava03.jpg,http://www.somervilleartscouncil.org/sacfiles/Bhargava03.jpg,42.4001887,-71.1222099
Lizzy the Lizard,Davis Square,Emily Bhargava,"63 Irving St, Somerville","Tue, 2012-05-15",http://www.somervilleartscouncil.org/sacfiles/imagecache/public_art_view/Bhargava01.JPG,http://www.somervilleartscouncil.org/sacfiles/imagecache/porchfest_photo/Bhargava01.JPG,http://www.somervilleartscouncil.org/sacfiles/Bhargava01.JPG,42.4001887,-71.1222099
Runner switchbox,Winter Hill,"","365 Medford St, Somerville, MA","",http://www.somervilleartscouncil.org/sacfiles/imagecache/public_art_view/publicart/switchbox runner medford st_0.JPG,http://www.somervilleartscouncil.org/sacfiles/imagecache/porchfest_photo/publicart/switchbox runner medford st_0.JPG,http://www.somervilleartscouncil.org/sacfiles/publicart/switchbox runner medford st_0.JPG,42.3891601,-71.0971418
Girl Scout Switchbox,Winter Hill,Patriot Trail Grl Scouts Troupe 1323,"94 Highland Ave, Somerville, MA","",http://www.somervilleartscouncil.org/sacfiles/imagecache/public_art_view/publicart/IMG_0477.jpg,http://www.somervilleartscouncil.org/sacfiles/imagecache/porchfest_photo/publicart/IMG_0477.jpg,http://www.somervilleartscouncil.org/sacfiles/publicart/IMG_0477.jpg,42.386621,-71.09872
George Dilboy Monument,Winter Hill,"Grenier Studio, founder","81 Highland Ave, Somerville, MA","Wed, 1930-01-01",http://www.somervilleartscouncil.org/sacfiles/imagecache/public_art_view/publicart/dilbay memoryal hall 2.jpg,http://www.somervilleartscouncil.org/sacfiles/imagecache/porchfest_photo/publicart/dilbay memoryal hall 2.jpg,http://www.somervilleartscouncil.org/sacfiles/publicart/dilbay memoryal hall 2.jpg,42.3865509,-71.0978713
Book Marching Band,Winter Hill,Jef Czekaj,"79 highland ave. , Somerville, MA","Thu, 2011-12-01",http://www.somervilleartscouncil.org/sacfiles/imagecache/public_art_view/publicart/czekajfrontlarge_0.jpg,http://www.somervilleartscouncil.org/sacfiles/imagecache/porchfest_photo/publicart/czekajfrontlarge_0.jpg,http://www.somervilleartscouncil.org/sacfiles/publicart/czekajfrontlarge_0.jpg,42.3857839,-71.09436099999999
Doorways,Winter Hill,Deborah Newey,"152 Highland Ave. , Somerville, MA","Sun, 2006-01-01",http://www.somervilleartscouncil.org/sacfiles/imagecache/public_art_view/publicart/deborahnewey.jpg,http://www.somervilleartscouncil.org/sacfiles/imagecache/porchfest_photo/publicart/deborahnewey.jpg,http://www.somervilleartscouncil.org/sacfiles/publicart/deborahnewey.jpg,42.38838639999999,-71.1033666
Walnut/Pearl Switchbox,Winter Hill,Ron Brunelle,"211 Pearl St. , Somerville, MA","Sun, 2013-09-01",http://www.somervilleartscouncil.org/sacfiles/imagecache/public_art_view/publicart/brunelle2small.jpg,http://www.somervilleartscouncil.org/sacfiles/imagecache/porchfest_photo/publicart/brunelle2small.jpg,http://www.somervilleartscouncil.org/sacfiles/publicart/brunelle2small.jpg,42.3874343,-71.09296429999999
Childrens Room mural,Winter Hill,Mary Webster,"79 Highland Ave, Somerville, MA","Wed, 1992-01-01",http://www.somervilleartscouncil.org/sacfiles/imagecache/public_art_view/publicart/library childrens room.jpg,http://www.somervilleartscouncil.org/sacfiles/imagecache/porchfest_photo/publicart/library childrens room.jpg,http://www.somervilleartscouncil.org/sacfiles/publicart/library childrens room.jpg,42.3857839,-71.09436099999999
The Street,Winter Hill,David Campbell,"93 Highland Ave, Somerville, MA","",http://www.somervilleartscouncil.org/sacfiles/imagecache/public_art_view/publicart/water colour city hall.jpg,http://www.somervilleartscouncil.org/sacfiles/imagecache/porchfest_photo/publicart/water colour city hall.jpg,http://www.somervilleartscouncil.org/sacfiles/publicart/water colour city hall.jpg,42.386813,-71.0986037
Lighthouse Mural,Winter Hill,Jacqueline Penney,"93 Highland Ave, Somerville, MA","",http://www.somervilleartscouncil.org/sacfiles/imagecache/public_art_view/publicart/lighthouse mural city hall.JPG,http://www.somervilleartscouncil.org/sacfiles/imagecache/porchfest_photo/publicart/lighthouse mural city hall.JPG,http://www.somervilleartscouncil.org/sacfiles/publicart/lighthouse mural city hall.JPG,42.386813,-71.0986037
"Somerville: Little City, Big Dreams",Winter Hill,Linda Sacenti,"93 Highland Ave, Somerville, MA","Sat, 2000-01-01",http://www.somervilleartscouncil.org/sacfiles/imagecache/public_art_view/publicart/somerville painting city hall.JPG,http://www.somervilleartscouncil.org/sacfiles/imagecache/porchfest_photo/publicart/somerville painting city hall.JPG,http://www.somervilleartscouncil.org/sacfiles/publicart/somerville painting city hall.JPG,42.386813,-71.0986037
E Pluribus Unum,Winter Hill,Ellen Rounseville,"93 Highlnd Ave, Somerville, MA","Tue, 1991-02-12",http://www.somervilleartscouncil.org/sacfiles/imagecache/public_art_view/publicart/city hall workers.jpg,http://www.somervilleartscouncil.org/sacfiles/imagecache/porchfest_photo/publicart/city hall workers.jpg,http://www.somervilleartscouncil.org/sacfiles/publicart/city hall workers.jpg,42.386813,-71.0986037
Vernon St studios murals,Winter Hill,"various, organized by Tova Speter","6 Vernon Street, Somerville, MA","Sat, 2012-09-01",http://www.somervilleartscouncil.org/sacfiles/imagecache/public_art_view/publicart/vernon st_0.JPG,http://www.somervilleartscouncil.org/sacfiles/imagecache/porchfest_photo/publicart/vernon st_0.JPG,http://www.somervilleartscouncil.org/sacfiles/publicart/vernon st_0.JPG,42.391216,-71.1017694
Former mayors' portraits,Winter Hill,Susan Murie/ Errico Studios,"93 Highland Ave, Somerville, MA","Thu, 1991-10-10",http://www.somervilleartscouncil.org/sacfiles/imagecache/public_art_view/publicart/former mayors city hall.jpg,http://www.somervilleartscouncil.org/sacfiles/imagecache/porchfest_photo/publicart/former mayors city hall.jpg,http://www.somervilleartscouncil.org/sacfiles/publicart/former mayors city hall.jpg,42.386813,-71.0986037
Carved Wooden Panel at Central Library,Winter Hill,"Somerville Wood Carving Project, Works Progress Administration","79 Highland Avenue                  
             corner of Highland and Walnut , Somerville, MA","",http://www.somervilleartscouncil.org/sacfiles/imagecache/public_art_view/publicart/1.JPG,http://www.somervilleartscouncil.org/sacfiles/imagecache/porchfest_photo/publicart/1.JPG,http://www.somervilleartscouncil.org/sacfiles/publicart/1.JPG,42.3875968,-71.0994968
garden sculptures,Winter Hill,"","135 Highland Ave, Somerville","",http://www.somervilleartscouncil.org/sacfiles/imagecache/public_art_view/publicart/photo 1-1_0.JPG,http://www.somervilleartscouncil.org/sacfiles/imagecache/porchfest_photo/publicart/photo 1-1_0.JPG,http://www.somervilleartscouncil.org/sacfiles/publicart/photo 1-1_0.JPG,42.388049,-71.101573
Cow Skulls on the Central Library,Winter Hill,"","79 Highland Avenue , Somerville, MA","",http://www.somervilleartscouncil.org/sacfiles/imagecache/public_art_view/cow_skull.jpg,http://www.somervilleartscouncil.org/sacfiles/imagecache/porchfest_photo/cow_skull.jpg,http://www.somervilleartscouncil.org/sacfiles/cow_skull.jpg,42.3857839,-71.09436099999999
Reproduction of Parthenon Frieze at Central Library,Winter Hill,"","79 Highland Avenue , Somerville, MA","",http://www.somervilleartscouncil.org/sacfiles/imagecache/public_art_view/frieze.JPG,http://www.somervilleartscouncil.org/sacfiles/imagecache/porchfest_photo/frieze.JPG,http://www.somervilleartscouncil.org/sacfiles/frieze.JPG,42.3857839,-71.09436099999999
Statue of Greek Boxer at Central Library,Winter Hill,Antonio Canova,"79 Highland Avenue , Somerville, MA","",http://www.somervilleartscouncil.org/sacfiles/imagecache/public_art_view/ClarDam.JPG,http://www.somervilleartscouncil.org/sacfiles/imagecache/porchfest_photo/ClarDam.JPG,http://www.somervilleartscouncil.org/sacfiles/ClarDam.JPG,42.3857839,-71.09436099999999
Memorial statue,Winter Hill,"Porter, Raymond Averill, 1883-1949, sculptor. T. F. McGann & Sons Company, founder.","79 Highland Ave, Somerville, MA","Tue, 1929-12-31",http://www.somervilleartscouncil.org/sacfiles/imagecache/public_art_view/photo 3.JPG,http://www.somervilleartscouncil.org/sacfiles/imagecache/porchfest_photo/photo 3.JPG,http://www.somervilleartscouncil.org/sacfiles/photo 3.JPG,42.3857839,-71.09436099999999
ESCS Nos Ayuda a Crecer,East Somerville,"","8 Bonair St, Somerville, MA","",http://www.somervilleartscouncil.org/sacfiles/imagecache/public_art_view/publicart/IMG_1511.jpeg,http://www.somervilleartscouncil.org/sacfiles/imagecache/porchfest_photo/publicart/IMG_1511.jpeg,http://www.somervilleartscouncil.org/sacfiles/publicart/IMG_1511.jpeg,42.3876939,-71.08741859999999
Colorful Door,East Somerville,"","8 Cross St East , Somerville, MA","",http://www.somervilleartscouncil.org/sacfiles/imagecache/public_art_view/publicart/IMG_6169.jpg,http://www.somervilleartscouncil.org/sacfiles/imagecache/porchfest_photo/publicart/IMG_6169.jpg,http://www.somervilleartscouncil.org/sacfiles/publicart/IMG_6169.jpg,42.3890776,-71.0857233
hand switchbox,East Somerville,"","343 Broadway, Somerville, MA","",http://www.somervilleartscouncil.org/sacfiles/imagecache/public_art_view/publicart/photo 2_4.JPG,http://www.somervilleartscouncil.org/sacfiles/imagecache/porchfest_photo/publicart/photo 2_4.JPG,http://www.somervilleartscouncil.org/sacfiles/publicart/photo 2_4.JPG,42.3932569,-71.0944293
Library Animal Mural,East Somerville,"","115 Broadway St. , Somerville, MA","",http://www.somervilleartscouncil.org/sacfiles/imagecache/public_art_view/publicart/photo 1_0.JPG,http://www.somervilleartscouncil.org/sacfiles/imagecache/porchfest_photo/publicart/photo 1_0.JPG,http://www.somervilleartscouncil.org/sacfiles/publicart/photo 1_0.JPG,42.3876689,-71.0833249
Home Interior,East Somerville,Elisa Hamilton,"125 Broadway , Somerville, MA","Thu, 2009-01-01",http://www.somervilleartscouncil.org/sacfiles/imagecache/public_art_view/publicart/eliashamiltonsmall.jpg,http://www.somervilleartscouncil.org/sacfiles/imagecache/porchfest_photo/publicart/eliashamiltonsmall.jpg,http://www.somervilleartscouncil.org/sacfiles/publicart/eliashamiltonsmall.jpg,42.3880913,-71.08400019999999
Octopus,East Somerville,Lisa Graf,"81 Broadway, Somerville, MA","",http://www.somervilleartscouncil.org/sacfiles/imagecache/public_art_view/publicart/IMG_0432.jpg,http://www.somervilleartscouncil.org/sacfiles/imagecache/porchfest_photo/publicart/IMG_0432.jpg,http://www.somervilleartscouncil.org/sacfiles/publicart/IMG_0432.jpg,42.3873021,-71.0820241
Underwater Mural,Inner Belt,"","59 Washington St Somerville, MA","",http://www.somervilleartscouncil.org/sacfiles/imagecache/public_art_view/publicart/photo 1_3.JPG,http://www.somervilleartscouncil.org/sacfiles/imagecache/porchfest_photo/publicart/photo 1_3.JPG,http://www.somervilleartscouncil.org/sacfiles/publicart/photo 1_3.JPG,42.3819053,-71.0832269
Loyalty,Inner Belt,Pauline Lim,"32 Cobble Hill Rd , Somerville, MA","",http://www.somervilleartscouncil.org/sacfiles/imagecache/public_art_view/publicart/Loyalty72.jpg,http://www.somervilleartscouncil.org/sacfiles/imagecache/porchfest_photo/publicart/Loyalty72.jpg,http://www.somervilleartscouncil.org/sacfiles/publicart/Loyalty72.jpg,42.3794723,-71.0836477
Civil War Memorial,Magoun Square,"Lukeman, Augustus, 1871-1935, sculptor. Howe, George B., architect. Gorham Manufacturing Company, founder. Austin Ford and Son, contractor.","93 Highland Ave, Somerville, MA                  
             west of Library","Wed, 1908-01-01",http://www.somervilleartscouncil.org/sacfiles/imagecache/public_art_view/publicart/statue land and sea.jpg,http://www.somervilleartscouncil.org/sacfiles/imagecache/porchfest_photo/publicart/statue land and sea.jpg,http://www.somervilleartscouncil.org/sacfiles/publicart/statue land and sea.jpg,42.386813,-71.098604
cityscape switchbox,Magoun Square,"","500 medford St, somerville , Somerville, MA","",http://www.somervilleartscouncil.org/sacfiles/imagecache/public_art_view/publicart/switchbox traffic light medford at ball.JPG,http://www.somervilleartscouncil.org/sacfiles/imagecache/porchfest_photo/publicart/switchbox traffic light medford at ball.JPG,http://www.somervilleartscouncil.org/sacfiles/publicart/switchbox traffic light medford at ball.JPG,42.395747,-71.103483
Planar Mountain,Prospect Hill,Richard Hunt,"15 Lower Campus Road , Somerville, MA","Tue, 2013-10-01",http://www.somervilleartscouncil.org/sacfiles/imagecache/public_art_view/publicart/Hunt-Gallery.jpg,http://www.somervilleartscouncil.org/sacfiles/imagecache/porchfest_photo/publicart/Hunt-Gallery.jpg,http://www.somervilleartscouncil.org/sacfiles/publicart/Hunt-Gallery.jpg,42.4039334,-71.11895679999999
Bike More Drive Less,Prospect Hill,Doug Moore,"Union Square , Somerville, MA","Sat, 2011-01-01",http://www.somervilleartscouncil.org/sacfiles/imagecache/public_art_view/publicart/dougmoore4small_0.jpg,http://www.somervilleartscouncil.org/sacfiles/imagecache/porchfest_photo/publicart/dougmoore4small_0.jpg,http://www.somervilleartscouncil.org/sacfiles/publicart/dougmoore4small_0.jpg,42.3796779,-71.0956698
Dragonflies & Cattails Switchbox,Prospect Hill,Ellen Jacobs,"63 School St, Somerville, MA","Fri, 2011-09-02",http://www.somervilleartscouncil.org/sacfiles/imagecache/public_art_view/switchbox1.jpg,http://www.somervilleartscouncil.org/sacfiles/imagecache/porchfest_photo/switchbox1.jpg,http://www.somervilleartscouncil.org/sacfiles/switchbox1.jpg,42.38445859999999,-71.1003314
"Hunting Pheasants, 2009",Powder House,Christian Tomaszewski,"15 Lower Campus Road , Somerville, MA","Tue, 2013-10-01",http://www.somervilleartscouncil.org/sacfiles/imagecache/public_art_view/publicart/Tomaszewski-gallery.gif,http://www.somervilleartscouncil.org/sacfiles/imagecache/porchfest_photo/publicart/Tomaszewski-gallery.gif,http://www.somervilleartscouncil.org/sacfiles/publicart/Tomaszewski-gallery.gif,42.4039334,-71.11895679999999
"Orange Shapes in Frame, 1964",Powder House,Helen Frankenthaler,"40 Talbot Avenue , Somerville, MA","",,,,42.4047671,-71.1180109
Porpianong,Powder House,Unknown Senufo Artist,"20 Talbot Avenue , Somerville, MA","Tue, 2013-10-01",http://www.somervilleartscouncil.org/sacfiles/imagecache/public_art_view/publicart/8525984074_88d417d1e1_b.jpg,http://www.somervilleartscouncil.org/sacfiles/imagecache/porchfest_photo/publicart/8525984074_88d417d1e1_b.jpg,http://www.somervilleartscouncil.org/sacfiles/publicart/8525984074_88d417d1e1_b.jpg,42.4044818,-71.118241
"Bogoria, 1971",Powder House,Frank Stella,"40 Talbot Avenue , Somerville, MA","Tue, 2013-10-01",http://www.somervilleartscouncil.org/sacfiles/imagecache/public_art_view/publicart/stella.jpg,http://www.somervilleartscouncil.org/sacfiles/imagecache/porchfest_photo/publicart/stella.jpg,http://www.somervilleartscouncil.org/sacfiles/publicart/stella.jpg,42.4047671,-71.1180109
"Untitled, 2005-2006",Powder House,Albert Contreras,"20 Talbot Avenue , Somerville, MA","",http://www.somervilleartscouncil.org/sacfiles/imagecache/public_art_view/publicart/Contreras-Thumbnail.jpg,http://www.somervilleartscouncil.org/sacfiles/imagecache/porchfest_photo/publicart/Contreras-Thumbnail.jpg,http://www.somervilleartscouncil.org/sacfiles/publicart/Contreras-Thumbnail.jpg,42.4044818,-71.118241
Singing Bowl,Powder House,Robert Chambers,"Talbot Avenue , Somerville, MA","Tue, 2013-10-01",http://www.somervilleartscouncil.org/sacfiles/imagecache/public_art_view/publicart/singingBowl1.jpg,http://www.somervilleartscouncil.org/sacfiles/imagecache/porchfest_photo/publicart/singingBowl1.jpg,http://www.somervilleartscouncil.org/sacfiles/publicart/singingBowl1.jpg,42.4051324,-71.12007419999999
Restraint,Powder House,Pauline Lim,"717 Broadway , Somerville, MA","",http://www.somervilleartscouncil.org/sacfiles/imagecache/public_art_view/publicart/Restraint72.jpg,http://www.somervilleartscouncil.org/sacfiles/imagecache/porchfest_photo/publicart/Restraint72.jpg,http://www.somervilleartscouncil.org/sacfiles/publicart/Restraint72.jpg,42.4001358,-71.1124991
Museum of the Modern Renaissance,Powder House,"","113 College Ave, Somerville, MA","",http://www.somervilleartscouncil.org/sacfiles/imagecache/public_art_view/publicart/photo 1-3_0.JPG,http://www.somervilleartscouncil.org/sacfiles/imagecache/porchfest_photo/publicart/photo 1-3_0.JPG,http://www.somervilleartscouncil.org/sacfiles/publicart/photo 1-3_0.JPG,42.399646,-71.11796799999999
leopard,Powder House,"","46 Professors Row, Somerville, MA","",http://www.somervilleartscouncil.org/sacfiles/imagecache/public_art_view/publicart/photo 1-2.JPG,http://www.somervilleartscouncil.org/sacfiles/imagecache/porchfest_photo/publicart/photo 1-2.JPG,http://www.somervilleartscouncil.org/sacfiles/publicart/photo 1-2.JPG,42.4060622,-71.1201471
Rudy's Cacti,Teele Square,"","248 Holland St , Somerville, MA","",http://www.somervilleartscouncil.org/sacfiles/imagecache/public_art_view/publicart/IMG_0970.jpg,http://www.somervilleartscouncil.org/sacfiles/imagecache/porchfest_photo/publicart/IMG_0970.jpg,http://www.somervilleartscouncil.org/sacfiles/publicart/IMG_0970.jpg,42.403063,-71.12730599999999
History of Somerville mural,Teele Square,"","169 Holland St, Somerville, MA","Fri, 1990-06-01",http://www.somervilleartscouncil.org/sacfiles/imagecache/public_art_view/publicart/tab lot 3.jpg,http://www.somervilleartscouncil.org/sacfiles/imagecache/porchfest_photo/publicart/tab lot 3.jpg,http://www.somervilleartscouncil.org/sacfiles/publicart/tab lot 3.jpg,42.401434,-71.12530799999999
steel silhouette door,Spring Hill,Rachel Mello,"52A Elm Street, Somervill, MA , Somerville, MA","Wed, 2013-05-01",http://www.somervilleartscouncil.org/sacfiles/imagecache/public_art_view/publicart/52A_ElmSt_Door.jpg,http://www.somervilleartscouncil.org/sacfiles/imagecache/porchfest_photo/publicart/52A_ElmSt_Door.jpg,http://www.somervilleartscouncil.org/sacfiles/publicart/52A_ElmSt_Door.jpg,42.3876974,-71.1154908
Somerville mural,Spring Hill,"","211 Summer St, Somerville, MA","",http://www.somervilleartscouncil.org/sacfiles/imagecache/public_art_view/publicart/IMG_0757.jpg,http://www.somervilleartscouncil.org/sacfiles/imagecache/porchfest_photo/publicart/IMG_0757.jpg,http://www.somervilleartscouncil.org/sacfiles/publicart/IMG_0757.jpg,42.3882536,-71.1102277
Conway Park Cut-Outs,Spring Hill,"","570 Somerville Ave, Somerville, MA","",http://www.somervilleartscouncil.org/sacfiles/imagecache/public_art_view/publicart/IMG_0941.jpg,http://www.somervilleartscouncil.org/sacfiles/imagecache/porchfest_photo/publicart/IMG_0941.jpg,http://www.somervilleartscouncil.org/sacfiles/publicart/IMG_0941.jpg,42.3836127,-71.108266
Big Fish Little Fish,Spring Hill,Matt Clark and Darryl Delude,"55 Elm St, Somerville, MA","",http://www.somervilleartscouncil.org/sacfiles/imagecache/public_art_view/publicart/IMG_0624.jpg,http://www.somervilleartscouncil.org/sacfiles/imagecache/porchfest_photo/publicart/IMG_0624.jpg,http://www.somervilleartscouncil.org/sacfiles/publicart/IMG_0624.jpg,42.3882071,-71.1155362
Geometric Pattern,Spring Hill,Blake Roberts,457 Somerville Ave,"Sat, 2011-01-01",http://www.somervilleartscouncil.org/sacfiles/imagecache/public_art_view/publicart/Blake_Roberts2011profilesmall.jpg,http://www.somervilleartscouncil.org/sacfiles/imagecache/porchfest_photo/publicart/Blake_Roberts2011profilesmall.jpg,http://www.somervilleartscouncil.org/sacfiles/publicart/Blake_Roberts2011profilesmall.jpg,42.38238399999999,-71.103189
girl mural,Spring Hill,"","94 Lowell St, Somerville, MA","",http://www.somervilleartscouncil.org/sacfiles/imagecache/public_art_view/publicart/IMG_0454.jpg,http://www.somervilleartscouncil.org/sacfiles/imagecache/porchfest_photo/publicart/IMG_0454.jpg,http://www.somervilleartscouncil.org/sacfiles/publicart/IMG_0454.jpg,42.3877296,-71.1096908
Windows to an Underground World,Spring Hill,Tova Speter and students,"643 Somerville Ave, Somerville, MA","Wed, 2005-06-01",http://www.somervilleartscouncil.org/sacfiles/imagecache/public_art_view/publicart/LowellStMural1.jpg,http://www.somervilleartscouncil.org/sacfiles/imagecache/porchfest_photo/publicart/LowellStMural1.jpg,http://www.somervilleartscouncil.org/sacfiles/publicart/LowellStMural1.jpg,42.3845284,-71.11167449999999
Seasons,Spring Hill,Sarah Reed,669 Somerville Ave.,"Sat, 2011-01-01",http://www.somervilleartscouncil.org/sacfiles/imagecache/public_art_view/publicart/sarareedsmall.jpg,http://www.somervilleartscouncil.org/sacfiles/imagecache/porchfest_photo/publicart/sarareedsmall.jpg,http://www.somervilleartscouncil.org/sacfiles/publicart/sarareedsmall.jpg,42.3848923,-71.1123996
Cracked holes,Spring Hill,Ryan McEntee,"271 Highland Ave , Somerville, MA","",http://www.somervilleartscouncil.org/sacfiles/imagecache/public_art_view/publicart/mcenteesmall.jpg,http://www.somervilleartscouncil.org/sacfiles/imagecache/porchfest_photo/publicart/mcenteesmall.jpg,http://www.somervilleartscouncil.org/sacfiles/publicart/mcenteesmall.jpg,42.391897,-71.1110999
Peace,Spring Hill,Shepard Fairey,691 Somerville Avenue,"",http://www.somervilleartscouncil.org/sacfiles/imagecache/public_art_view/publicart/IMG_0690.jpg,http://www.somervilleartscouncil.org/sacfiles/imagecache/porchfest_photo/publicart/IMG_0690.jpg,http://www.somervilleartscouncil.org/sacfiles/publicart/IMG_0690.jpg,42.385698,-71.11316529999999
big bug,Spring Hill,"","63 Elm St, Somerville, MA","",http://www.somervilleartscouncil.org/sacfiles/imagecache/public_art_view/publicart/IMG_0691.jpg,http://www.somervilleartscouncil.org/sacfiles/imagecache/porchfest_photo/publicart/IMG_0691.jpg,http://www.somervilleartscouncil.org/sacfiles/publicart/IMG_0691.jpg,42.388519,-71.1155689
We Celebrate the Immigrants of Somerville,Spring Hill,Sargent,"24 Park St, Somerville, MA","Wed, 1997-01-01",http://www.somervilleartscouncil.org/sacfiles/imagecache/public_art_view/publicart/IMG_0689.jpg,http://www.somervilleartscouncil.org/sacfiles/imagecache/porchfest_photo/publicart/IMG_0689.jpg,http://www.somervilleartscouncil.org/sacfiles/publicart/IMG_0689.jpg,42.3818238,-71.1069493
found object garden,Spring Hill,Ruth Faris,"6 Spring Hill Terrace, Somerville, MA","",http://www.somervilleartscouncil.org/sacfiles/imagecache/public_art_view/publicart/ruths garden 2.jpg,http://www.somervilleartscouncil.org/sacfiles/imagecache/porchfest_photo/publicart/ruths garden 2.jpg,http://www.somervilleartscouncil.org/sacfiles/publicart/ruths garden 2.jpg,42.3892179,-71.1070539
metal sculpture,Spring Hill,"","134 Elm St, Somerville, MA","",http://www.somervilleartscouncil.org/sacfiles/imagecache/public_art_view/publicart/IMG_0633.jpg,http://www.somervilleartscouncil.org/sacfiles/imagecache/porchfest_photo/publicart/IMG_0633.jpg,http://www.somervilleartscouncil.org/sacfiles/publicart/IMG_0633.jpg,42.3907423,-71.11816329999999
Polka dot traffic light box,Spring Hill,D. English,"51 Willow Ave, Somerville, MA","Mon, 2001-01-01",http://www.somervilleartscouncil.org/sacfiles/imagecache/public_art_view/publicart/traffic light summer and cedar_0.JPG,http://www.somervilleartscouncil.org/sacfiles/imagecache/porchfest_photo/publicart/traffic light summer and cedar_0.JPG,http://www.somervilleartscouncil.org/sacfiles/publicart/traffic light summer and cedar_0.JPG,42.3928702,-71.1173
A Very Brief History of Somerville,Spring Hill,Anna Shapiro,"134 Elm St.                  
             Elm St. at Davenport St , Somerville, MA","Sun, 2005-05-01",http://www.somervilleartscouncil.org/sacfiles/imagecache/public_art_view/publicart/pic1.jpg,http://www.somervilleartscouncil.org/sacfiles/imagecache/porchfest_photo/publicart/pic1.jpg,http://www.somervilleartscouncil.org/sacfiles/publicart/pic1.jpg,42.3875968,-71.0994968
Patience,Spring Hill,Pauline Lim,"6 Spring Hill Terrace , Somerville, MA","Sat, 2011-12-31",http://www.somervilleartscouncil.org/sacfiles/imagecache/public_art_view/Patience72.jpg,http://www.somervilleartscouncil.org/sacfiles/imagecache/porchfest_photo/Patience72.jpg,http://www.somervilleartscouncil.org/sacfiles/Patience72.jpg,42.3892179,-71.1070539
Mystic River Mural,Ten Hills,David Fichter and Somerville youth,"530 Mystic Ave, Somerville, MA","Mon, 1996-01-01",http://www.somervilleartscouncil.org/sacfiles/imagecache/public_art_view/publicart/photo 2_2.JPG,http://www.somervilleartscouncil.org/sacfiles/imagecache/porchfest_photo/publicart/photo 2_2.JPG,http://www.somervilleartscouncil.org/sacfiles/publicart/photo 2_2.JPG,42.3977185,-71.0920033
Foss Park pool mural,Ten Hills,"Be ALlen, David Fitchter, Deanna Grande, Christina Kelly and teens","209 Broadway, Somerville, MA","Wed, 1992-01-01",http://www.somervilleartscouncil.org/sacfiles/imagecache/public_art_view/publicart/IMG_0425.JPG,http://www.somervilleartscouncil.org/sacfiles/imagecache/porchfest_photo/publicart/IMG_0425.JPG,http://www.somervilleartscouncil.org/sacfiles/publicart/IMG_0425.JPG,42.3899132,-71.088383
Broadway mural,Ten Hills,"","324 Braodway, Somerville, MA","",http://www.somervilleartscouncil.org/sacfiles/imagecache/public_art_view/publicart/IMG_0424.jpg,http://www.somervilleartscouncil.org/sacfiles/imagecache/porchfest_photo/publicart/IMG_0424.jpg,http://www.somervilleartscouncil.org/sacfiles/publicart/IMG_0424.jpg,42.3926802,-71.0936519
hidden faces mural,Union Square,"","379 Somerville Ave  Somerville, MA","",http://www.somervilleartscouncil.org/sacfiles/imagecache/public_art_view/publicart/photo 4-1.JPG,http://www.somervilleartscouncil.org/sacfiles/imagecache/porchfest_photo/publicart/photo 4-1.JPG,http://www.somervilleartscouncil.org/sacfiles/publicart/photo 4-1.JPG,42.381616,-71.100055
Groundwork Somerville Data Mural,Union Square,"Emily Bhargava, PHA and the Green Team","100 South Street, Somerville, MA","Tue, 2013-07-30",http://www.somervilleartscouncil.org/sacfiles/imagecache/public_art_view/publicart/infographic bigger cropped_0.jpg,http://www.somervilleartscouncil.org/sacfiles/imagecache/porchfest_photo/publicart/infographic bigger cropped_0.jpg,http://www.somervilleartscouncil.org/sacfiles/publicart/infographic bigger cropped_0.jpg,42.3746788,-71.0915741
Gratitude,Union Square,Pauline Lim,"18 Kingman Rd , Somerville, MA","",http://www.somervilleartscouncil.org/sacfiles/imagecache/public_art_view/publicart/Gratitude72.jpg,http://www.somervilleartscouncil.org/sacfiles/imagecache/porchfest_photo/publicart/Gratitude72.jpg,http://www.somervilleartscouncil.org/sacfiles/publicart/Gratitude72.jpg,42.3789604,-71.09694329999999
robot switchbox,Union Square,"","75 Union Square, Somerville, MA","",http://www.somervilleartscouncil.org/sacfiles/imagecache/public_art_view/publicart/switchbox union sq2.jpg,http://www.somervilleartscouncil.org/sacfiles/imagecache/porchfest_photo/publicart/switchbox union sq2.jpg,http://www.somervilleartscouncil.org/sacfiles/publicart/switchbox union sq2.jpg,42.3797304,-71.0948226
quote switchbox,Union Square,The Miracle Five,"75 Union Square, Somerville, MA","",http://www.somervilleartscouncil.org/sacfiles/imagecache/public_art_view/publicart/switchbox union independent2.jpg,http://www.somervilleartscouncil.org/sacfiles/imagecache/porchfest_photo/publicart/switchbox union independent2.jpg,http://www.somervilleartscouncil.org/sacfiles/publicart/switchbox union independent2.jpg,42.3797304,-71.0948226
Fractal switchbox,Union Square,"","16 Bow St, Somerville, MA","",http://www.somervilleartscouncil.org/sacfiles/imagecache/public_art_view/publicart/fractal switchbox bow st.jpg,http://www.somervilleartscouncil.org/sacfiles/imagecache/porchfest_photo/publicart/fractal switchbox bow st.jpg,http://www.somervilleartscouncil.org/sacfiles/publicart/fractal switchbox bow st.jpg,42.3807323,-71.0971418
Bench with stone,Union Square,Kimo Griggs,"22 Union Square, Somerville, MA","",http://www.somervilleartscouncil.org/sacfiles/imagecache/public_art_view/publicart/union sq wooden bench with stone.jpg,http://www.somervilleartscouncil.org/sacfiles/imagecache/porchfest_photo/publicart/union sq wooden bench with stone.jpg,http://www.somervilleartscouncil.org/sacfiles/publicart/union sq wooden bench with stone.jpg,42.380268,-71.0967022
glass bench,Union Square,Aron Binkley,"60 Union Square, Somerville, MA","",http://www.somervilleartscouncil.org/sacfiles/imagecache/public_art_view/publicart/union sq glass bench.jpg,http://www.somervilleartscouncil.org/sacfiles/imagecache/porchfest_photo/publicart/union sq glass bench.jpg,http://www.somervilleartscouncil.org/sacfiles/publicart/union sq glass bench.jpg,42.379814,-71.0955939
Labyrinth,Union Square,Marty Cain,"22 Vinal Ave, Somerville, MA","",http://www.somervilleartscouncil.org/sacfiles/imagecache/public_art_view/publicart/IMG_0753.JPG,http://www.somervilleartscouncil.org/sacfiles/imagecache/porchfest_photo/publicart/IMG_0753.JPG,http://www.somervilleartscouncil.org/sacfiles/publicart/IMG_0753.JPG,42.3831334,-71.0978641
butterfly,Union Square,"","22 Vinal Ave, Somerville, MA","",http://www.somervilleartscouncil.org/sacfiles/imagecache/public_art_view/publicart/IMG_0752.jpg,http://www.somervilleartscouncil.org/sacfiles/imagecache/porchfest_photo/publicart/IMG_0752.jpg,http://www.somervilleartscouncil.org/sacfiles/publicart/IMG_0752.jpg,42.3831334,-71.0978641
Graffiti,Union Square,Ryan McEntee,"19 Union square , Somerville, MA","Sun, 2012-01-01",http://www.somervilleartscouncil.org/sacfiles/imagecache/public_art_view/publicart/McEntee_finishedbox2012crop.jpg,http://www.somervilleartscouncil.org/sacfiles/imagecache/porchfest_photo/publicart/McEntee_finishedbox2012crop.jpg,http://www.somervilleartscouncil.org/sacfiles/publicart/McEntee_finishedbox2012crop.jpg,42.3795414,-71.09629480000001
Bike Silhouette,Union Square,Ken Richardson,"41 Union Square , Somerville, MA","Sun, 2006-01-01",http://www.somervilleartscouncil.org/sacfiles/imagecache/public_art_view/publicart/Richardsonback.jpg,http://www.somervilleartscouncil.org/sacfiles/imagecache/porchfest_photo/publicart/Richardsonback.jpg,http://www.somervilleartscouncil.org/sacfiles/publicart/Richardsonback.jpg,42.3803444,-71.09672619999999
Hope,Union Square,Pauline Lim,"22 Vinal Ave, Somerville, MA","Sat, 2011-01-01",http://www.somervilleartscouncil.org/sacfiles/imagecache/public_art_view/publicart/IMG_0755.jpg,http://www.somervilleartscouncil.org/sacfiles/imagecache/porchfest_photo/publicart/IMG_0755.jpg,http://www.somervilleartscouncil.org/sacfiles/publicart/IMG_0755.jpg,42.3831334,-71.0978641
Flag Welcome sign,Union Square,"","22 Vinal Ave, Somerville, MA","",http://www.somervilleartscouncil.org/sacfiles/imagecache/public_art_view/publicart/IMG_0751.jpg,http://www.somervilleartscouncil.org/sacfiles/imagecache/porchfest_photo/publicart/IMG_0751.jpg,http://www.somervilleartscouncil.org/sacfiles/publicart/IMG_0751.jpg,42.3831334,-71.0978641
Painted Washington Street Switchbox,Union Square,Tova Speter,"222 washington                  
             Somerville","Wed, 2005-06-15",http://www.somervilleartscouncil.org/sacfiles/imagecache/public_art_view/publicart/tovaspeter1.jpg,http://www.somervilleartscouncil.org/sacfiles/imagecache/porchfest_photo/publicart/tovaspeter1.jpg,http://www.somervilleartscouncil.org/sacfiles/publicart/tovaspeter1.jpg,42.3794522,-71.09242019999999
Boys and Girls club mural,Union Square,Tova Speter,"181 Washington St, somerville, ma , Somerville, MA","Thu, 2006-06-01",http://www.somervilleartscouncil.org/sacfiles/imagecache/public_art_view/publicart/tova boys and girls bluc2.jpg,http://www.somervilleartscouncil.org/sacfiles/imagecache/porchfest_photo/publicart/tova boys and girls bluc2.jpg,http://www.somervilleartscouncil.org/sacfiles/publicart/tova boys and girls bluc2.jpg,42.380092,-71.091109
Union Sq. Business Mural,Union Square,"","90 Union Sq , Somerville, MA","",http://www.somervilleartscouncil.org/sacfiles/imagecache/public_art_view/publicart/IMG_5880.jpg,http://www.somervilleartscouncil.org/sacfiles/imagecache/porchfest_photo/publicart/IMG_5880.jpg,http://www.somervilleartscouncil.org/sacfiles/publicart/IMG_5880.jpg,42.3792903,-71.0942244
First Flag Mural,Union Square,Be Sargent Allen,"63 Union Square , Somerville, MA","",http://www.somervilleartscouncil.org/sacfiles/imagecache/public_art_view/publicart/IMG_5864.jpg,http://www.somervilleartscouncil.org/sacfiles/imagecache/porchfest_photo/publicart/IMG_5864.jpg,http://www.somervilleartscouncil.org/sacfiles/publicart/IMG_5864.jpg,42.3798267,-71.095422
painted newsbox,Union Square,Artisans Asylum,"19 Union Square, Somerville, MA","",http://www.somervilleartscouncil.org/sacfiles/imagecache/public_art_view/publicart/IMG_0390.jpg,http://www.somervilleartscouncil.org/sacfiles/imagecache/porchfest_photo/publicart/IMG_0390.jpg,http://www.somervilleartscouncil.org/sacfiles/publicart/IMG_0390.jpg,42.3795414,-71.09629480000001
sculptural bench,Union Square,Mitch Ryerson,"70 Union Square, Somerville, MA","",http://www.somervilleartscouncil.org/sacfiles/imagecache/public_art_view/publicart/IMG_0386.jpg,http://www.somervilleartscouncil.org/sacfiles/imagecache/porchfest_photo/publicart/IMG_0386.jpg,http://www.somervilleartscouncil.org/sacfiles/publicart/IMG_0386.jpg,42.3797521,-71.095212
tree sculpture,Union Square,"","70 Union Square, Somerville, MA","",http://www.somervilleartscouncil.org/sacfiles/imagecache/public_art_view/publicart/IMG_0384.jpg,http://www.somervilleartscouncil.org/sacfiles/imagecache/porchfest_photo/publicart/IMG_0384.jpg,http://www.somervilleartscouncil.org/sacfiles/publicart/IMG_0384.jpg,42.3797521,-71.095212
footrprint trash can,Union Square,Christina Lanzi and Phil Manker,"66 Union square, Somerville, MA","",http://www.somervilleartscouncil.org/sacfiles/imagecache/public_art_view/publicart/IMG_0383.jpg,http://www.somervilleartscouncil.org/sacfiles/imagecache/porchfest_photo/publicart/IMG_0383.jpg,http://www.somervilleartscouncil.org/sacfiles/publicart/IMG_0383.jpg,42.379921,-71.0950469
graphic art display,Union Square,Shepard Fairey,"1 Carlton St, Somerville","",http://www.somervilleartscouncil.org/sacfiles/imagecache/public_art_view/publicart/IMG_0414.jpg,http://www.somervilleartscouncil.org/sacfiles/imagecache/porchfest_photo/publicart/IMG_0414.jpg,http://www.somervilleartscouncil.org/sacfiles/publicart/IMG_0414.jpg,42.3803997,-71.1002855
Pizza Man,Union Square,"","Somerville Ave, Somerville","",http://www.somervilleartscouncil.org/sacfiles/imagecache/public_art_view/publicart/IMG_0399.jpg,http://www.somervilleartscouncil.org/sacfiles/imagecache/porchfest_photo/publicart/IMG_0399.jpg,http://www.somervilleartscouncil.org/sacfiles/publicart/IMG_0399.jpg,42.3822152,-71.10271469999999
Polka Dots and Monsters,Union Square,unknown,"200 Washington st.                   
             at Hawkins st. crossing , Somerville, MA","",http://www.somervilleartscouncil.org/sacfiles/imagecache/public_art_view/publicart/photo (6).JPG,http://www.somervilleartscouncil.org/sacfiles/imagecache/porchfest_photo/publicart/photo (6).JPG,http://www.somervilleartscouncil.org/sacfiles/publicart/photo (6).JPG,42.3796062,-71.09141149999999
Swoon,Union Square,Swoon,"3 Beacon street, Somerville, MA","",http://www.somervilleartscouncil.org/sacfiles/imagecache/public_art_view/publicart/swoon.jpg,http://www.somervilleartscouncil.org/sacfiles/imagecache/porchfest_photo/publicart/swoon.jpg,http://www.somervilleartscouncil.org/sacfiles/publicart/swoon.jpg,42.374535,-71.10150399999999
Green Elephant,Union Square,"","24 Parkdale St , Somerville, MA","",http://www.somervilleartscouncil.org/sacfiles/imagecache/public_art_view/publicart/elephant.jpg,http://www.somervilleartscouncil.org/sacfiles/imagecache/porchfest_photo/publicart/elephant.jpg,http://www.somervilleartscouncil.org/sacfiles/publicart/elephant.jpg,42.3785017,-71.1021282
Sunglasses man,Union Square,"","24 Parkdale St, Somerville, MA","",http://www.somervilleartscouncil.org/sacfiles/imagecache/public_art_view/publicart/sunglasses.jpg,http://www.somervilleartscouncil.org/sacfiles/imagecache/porchfest_photo/publicart/sunglasses.jpg,http://www.somervilleartscouncil.org/sacfiles/publicart/sunglasses.jpg,42.3785017,-71.1021282
Three Politicians,Union Square,"","2 Parkdale street , Somerville, MA","",http://www.somervilleartscouncil.org/sacfiles/imagecache/public_art_view/publicart/men.jpg,http://www.somervilleartscouncil.org/sacfiles/imagecache/porchfest_photo/publicart/men.jpg,http://www.somervilleartscouncil.org/sacfiles/publicart/men.jpg,42.3789965,-71.1021237
"""Not Art"" Art",Union Square,"",292 Somerville Ave,"",http://www.somervilleartscouncil.org/sacfiles/imagecache/public_art_view/publicart/NotArt_union.jpg,http://www.somervilleartscouncil.org/sacfiles/imagecache/porchfest_photo/publicart/NotArt_union.jpg,http://www.somervilleartscouncil.org/sacfiles/publicart/NotArt_union.jpg,42.3795686,-71.0954036
"""Find It Don't Force It"" Buddha",Union Square,"","24 Springfield St , Somerville, MA","",http://www.somervilleartscouncil.org/sacfiles/imagecache/public_art_view/publicart/Buddha_Springfield_0.jpg,http://www.somervilleartscouncil.org/sacfiles/imagecache/porchfest_photo/publicart/Buddha_Springfield_0.jpg,http://www.somervilleartscouncil.org/sacfiles/publicart/Buddha_Springfield_0.jpg,42.3742617,-71.1003997
Dodecahedron Birdhouse,Union Square,Dan Sternof Beyer,Somerville Ave @ School Street,"",http://www.somervilleartscouncil.org/sacfiles/imagecache/public_art_view/12birdhouse_1sm.jpg,http://www.somervilleartscouncil.org/sacfiles/imagecache/porchfest_photo/12birdhouse_1sm.jpg,http://www.somervilleartscouncil.org/sacfiles/12birdhouse_1sm.jpg,42.382,-71.101852
